<ImportExportXml version="9.2.25034.226" SolutionPackageVersion="9.2" languagecode="1033" generatedBy="CrmLive" xmlns:xsi="http://www.w3.org/2001/XMLSchema-instance" OrganizationVersion="9.2.25034.226" OrganizationSchemaType="Standard" CRMServerServiceabilityVersion="9.2.25034.00226">
  <SolutionManifest>
    <UniqueName>sbpd_chatbot_mirage</UniqueName>
    <LocalizedNames>
      <LocalizedName description="Anya Chatbot" languagecode="1033" />
    </LocalizedNames>
    <Descriptions />
    <Version>1.0.0.1</Version>
    <Managed>0</Managed>
    <Publisher>
      <UniqueName>SBPDTeamAY2425</UniqueName>
      <LocalizedNames>
        <LocalizedName description="Project Mirage" languagecode="1033" />
      </LocalizedNames>
      <Descriptions />
      <EMailAddress xsi:nil="true"></EMailAddress>
      <SupportingWebsiteUrl xsi:nil="true"></SupportingWebsiteUrl>
      <CustomizationPrefix>sbmirage</CustomizationPrefix>
      <CustomizationOptionValuePrefix>10200</CustomizationOptionValuePrefix>
      <Addresses>
        <Address>
          <AddressNumber>1</AddressNumber>
          <AddressTypeCode>1</AddressTypeCode>
          <City xsi:nil="true"></City>
          <County xsi:nil="true"></County>
          <Country xsi:nil="true"></Country>
          <Fax xsi:nil="true"></Fax>
          <FreightTermsCode xsi:nil="true"></FreightTermsCode>
          <ImportSequenceNumber xsi:nil="true"></ImportSequenceNumber>
          <Latitude xsi:nil="true"></Latitude>
          <Line1 xsi:nil="true"></Line1>
          <Line2 xsi:nil="true"></Line2>
          <Line3 xsi:nil="true"></Line3>
          <Longitude xsi:nil="true"></Longitude>
          <Name xsi:nil="true"></Name>
          <PostalCode xsi:nil="true"></PostalCode>
          <PostOfficeBox xsi:nil="true"></PostOfficeBox>
          <PrimaryContactName xsi:nil="true"></PrimaryContactName>
          <ShippingMethodCode>1</ShippingMethodCode>
          <StateOrProvince xsi:nil="true"></StateOrProvince>
          <Telephone1 xsi:nil="true"></Telephone1>
          <Telephone2 xsi:nil="true"></Telephone2>
          <Telephone3 xsi:nil="true"></Telephone3>
          <TimeZoneRuleVersionNumber xsi:nil="true"></TimeZoneRuleVersionNumber>
          <UPSZone xsi:nil="true"></UPSZone>
          <UTCOffset xsi:nil="true"></UTCOffset>
          <UTCConversionTimeZoneCode xsi:nil="true"></UTCConversionTimeZoneCode>
        </Address>
        <Address>
          <AddressNumber>2</AddressNumber>
          <AddressTypeCode>1</AddressTypeCode>
          <City xsi:nil="true"></City>
          <County xsi:nil="true"></County>
          <Country xsi:nil="true"></Country>
          <Fax xsi:nil="true"></Fax>
          <FreightTermsCode xsi:nil="true"></FreightTermsCode>
          <ImportSequenceNumber xsi:nil="true"></ImportSequenceNumber>
          <Latitude xsi:nil="true"></Latitude>
          <Line1 xsi:nil="true"></Line1>
          <Line2 xsi:nil="true"></Line2>
          <Line3 xsi:nil="true"></Line3>
          <Longitude xsi:nil="true"></Longitude>
          <Name xsi:nil="true"></Name>
          <PostalCode xsi:nil="true"></PostalCode>
          <PostOfficeBox xsi:nil="true"></PostOfficeBox>
          <PrimaryContactName xsi:nil="true"></PrimaryContactName>
          <ShippingMethodCode>1</ShippingMethodCode>
          <StateOrProvince xsi:nil="true"></StateOrProvince>
          <Telephone1 xsi:nil="true"></Telephone1>
          <Telephone2 xsi:nil="true"></Telephone2>
          <Telephone3 xsi:nil="true"></Telephone3>
          <TimeZoneRuleVersionNumber xsi:nil="true"></TimeZoneRuleVersionNumber>
          <UPSZone xsi:nil="true"></UPSZone>
          <UTCOffset xsi:nil="true"></UTCOffset>
          <UTCConversionTimeZoneCode xsi:nil="true"></UTCConversionTimeZoneCode>
        </Address>
      </Addresses>
    </Publisher>
    <RootComponents>
      <RootComponent type="29" id="{2ca8b85b-d3fe-ef11-bae2-7c1e520c2c51}" behavior="0" />
      <RootComponent type="29" id="{61f41291-0460-1eed-d55e-4575bcc3aa47}" behavior="0" />
      <RootComponent type="29" id="{68e0e17c-43a8-ef11-b8e8-6045bda7dacc}" behavior="0" />
      <RootComponent type="29" id="{75e5cca1-a0fb-ef11-bae2-7c1e520c2c51}" behavior="0" />
      <RootComponent type="29" id="{f45df866-8f9d-ef11-8a69-6045bda7dacc}" behavior="0" />
      <RootComponent type="29" id="{fc31a118-75f0-ef11-9341-0022482ee71a}" behavior="0" />
      <RootComponent type="401" id="{eb43c678-3a63-46bd-abb4-6ed8354671b7}" behavior="0" />
    </RootComponents>
    <MissingDependencies>
      <MissingDependency>
        <Required type="connectionreference" displayName="cr689_sharedsharepointonline_dd1ff" solution="Active" id.connectionreferencelogicalname="cr689_sharedsharepointonline_dd1ff" />
        <Dependent type="29" displayName="Translate Text" id="{68e0e17c-43a8-ef11-b8e8-6045bda7dacc}" />
      </MissingDependency>
      <MissingDependency>
        <Required type="connectionreference" displayName="cr689_sharedsharepointonline_ffa9a" solution="Active" id.connectionreferencelogicalname="cr689_sharedsharepointonline_ffa9a" />
        <Dependent type="29" displayName="Run a flow from Copilot" id="{f45df866-8f9d-ef11-8a69-6045bda7dacc}" />
      </MissingDependency>
      <MissingDependency>
        <Required type="connectionreference" displayName="cr689_sharedtranslatorv2_0a7b8" solution="Active" id.connectionreferencelogicalname="cr689_sharedtranslatorv2_0a7b8" />
        <Dependent type="29" displayName="Translate Text" id="{68e0e17c-43a8-ef11-b8e8-6045bda7dacc}" />
      </MissingDependency>
      <MissingDependency>
        <Required type="connectionreference" displayName="new_sharedoffice365_19e68" solution="Active" id.connectionreferencelogicalname="new_sharedoffice365_19e68" />
        <Dependent type="29" displayName="SBPD Time Off Request Form V2" id="{2ca8b85b-d3fe-ef11-bae2-7c1e520c2c51}" />
      </MissingDependency>
      <MissingDependency>
        <Required type="connectionreference" displayName="new_sharedoffice365_369b1" solution="Active" id.connectionreferencelogicalname="new_sharedoffice365_369b1" />
        <Dependent type="29" displayName="TransportRequest V1.0" id="{61f41291-0460-1eed-d55e-4575bcc3aa47}" />
      </MissingDependency>
      <MissingDependency>
        <Required type="connectionreference" displayName="new_sharedoffice365_369b1" solution="Active" id.connectionreferencelogicalname="new_sharedoffice365_369b1" />
        <Dependent type="29" displayName="CopyRequest V2.1" id="{75e5cca1-a0fb-ef11-bae2-7c1e520c2c51}" />
      </MissingDependency>
      <MissingDependency>
        <Required type="connectionreference" displayName="new_sharedoffice365users_7e0ab" solution="Active" id.connectionreferencelogicalname="new_sharedoffice365users_7e0ab" />
        <Dependent type="29" displayName="SBPD Time Off Request Form V2" id="{2ca8b85b-d3fe-ef11-bae2-7c1e520c2c51}" />
      </MissingDependency>
      <MissingDependency>
        <Required type="connectionreference" displayName="new_sharedoffice365users_8462f" solution="Active" id.connectionreferencelogicalname="new_sharedoffice365users_8462f" />
        <Dependent type="29" displayName="TransportRequest V1.0" id="{61f41291-0460-1eed-d55e-4575bcc3aa47}" />
      </MissingDependency>
      <MissingDependency>
        <Required type="connectionreference" displayName="new_sharedoffice365users_8462f" solution="Active" id.connectionreferencelogicalname="new_sharedoffice365users_8462f" />
        <Dependent type="29" displayName="CopyRequest V2.1" id="{75e5cca1-a0fb-ef11-bae2-7c1e520c2c51}" />
      </MissingDependency>
      <MissingDependency>
        <Required type="connectionreference" displayName="new_sharedoffice365users_b0320" solution="Active" id.connectionreferencelogicalname="new_sharedoffice365users_b0320" />
        <Dependent type="29" displayName="Contact Retrieval V5" id="{fc31a118-75f0-ef11-9341-0022482ee71a}" />
      </MissingDependency>
      <MissingDependency>
        <Required type="connectionreference" displayName="new_sharedsharepointonline_4776c" solution="Active" id.connectionreferencelogicalname="new_sharedsharepointonline_4776c" />
        <Dependent type="29" displayName="TransportRequest V1.0" id="{61f41291-0460-1eed-d55e-4575bcc3aa47}" />
      </MissingDependency>
      <MissingDependency>
        <Required type="connectionreference" displayName="new_sharedsharepointonline_4776c" solution="Active" id.connectionreferencelogicalname="new_sharedsharepointonline_4776c" />
        <Dependent type="29" displayName="CopyRequest V2.1" id="{75e5cca1-a0fb-ef11-bae2-7c1e520c2c51}" />
      </MissingDependency>
      <MissingDependency>
        <Required type="connectionreference" displayName="new_sharedsharepointonline_48c71" solution="Active" id.connectionreferencelogicalname="new_sharedsharepointonline_48c71" />
        <Dependent type="29" displayName="SBPD Time Off Request Form V2" id="{2ca8b85b-d3fe-ef11-bae2-7c1e520c2c51}" />
      </MissingDependency>
    </MissingDependencies>
  </SolutionManifest>
</ImportExportXml>